{
    "loss": 29.98866844177246,
    "accuracy": 0.5467625856399536
}