{
    "loss": 24.74193000793457,
    "accuracy": 0.5395683646202087
}