{
    "loss": 6.919902801513672,
    "accuracy": 0.5035971403121948
}