{
    "loss": 29.988670349121094,
    "accuracy": 0.5467625856399536
}